-- MySQL dump 10.13  Distrib 5.7.30, for Linux (x86_64)
--
-- Host: 127.0.0.1    Database: school
-- ------------------------------------------------------
-- Server version	5.7.22

/*!40101 SET @OLD_CHARACTER_SET_CLIENT=@@CHARACTER_SET_CLIENT */;
/*!40101 SET @OLD_CHARACTER_SET_RESULTS=@@CHARACTER_SET_RESULTS */;
/*!40101 SET @OLD_COLLATION_CONNECTION=@@COLLATION_CONNECTION */;
/*!40101 SET NAMES utf8 */;
/*!40103 SET @OLD_TIME_ZONE=@@TIME_ZONE */;
/*!40103 SET TIME_ZONE='+00:00' */;
/*!40014 SET @OLD_UNIQUE_CHECKS=@@UNIQUE_CHECKS, UNIQUE_CHECKS=0 */;
/*!40014 SET @OLD_FOREIGN_KEY_CHECKS=@@FOREIGN_KEY_CHECKS, FOREIGN_KEY_CHECKS=0 */;
/*!40101 SET @OLD_SQL_MODE=@@SQL_MODE, SQL_MODE='NO_AUTO_VALUE_ON_ZERO' */;
/*!40111 SET @OLD_SQL_NOTES=@@SQL_NOTES, SQL_NOTES=0 */;

--
-- Table structure for table `classes`
--

DROP TABLE IF EXISTS `classes`;
/*!40101 SET @saved_cs_client     = @@character_set_client */;
/*!40101 SET character_set_client = utf8 */;
CREATE TABLE `classes` (
  `id` int(11) DEFAULT NULL,
  `type` varchar(12) DEFAULT NULL,
  `class_head_id` int(11) DEFAULT NULL,
  `name` varchar(5) DEFAULT NULL
) ENGINE=InnoDB DEFAULT CHARSET=latin1;
/*!40101 SET character_set_client = @saved_cs_client */;

--
-- Dumping data for table `classes`
--

LOCK TABLES `classes` WRITE;
/*!40000 ALTER TABLE `classes` DISABLE KEYS */;
INSERT INTO `classes` VALUES (1,'Mathematical',1,'5A'),(2,'Mathematical',2,'7E'),(3,'Lingual',3,'9B'),(4,'Basic',4,'10C'),(5,'Mathematical',5,'4D');
/*!40000 ALTER TABLE `classes` ENABLE KEYS */;
UNLOCK TABLES;

--
-- Table structure for table `classes_statistics`
--

DROP TABLE IF EXISTS `classes_statistics`;
/*!40101 SET @saved_cs_client     = @@character_set_client */;
/*!40101 SET character_set_client = utf8 */;
CREATE TABLE `classes_statistics` (
  `id` int(11) DEFAULT NULL,
  `class_id` int(11) DEFAULT NULL,
  `class_name` varchar(50) DEFAULT NULL,
  `created` date DEFAULT NULL,
  `pupil_count` int(11) DEFAULT NULL
) ENGINE=InnoDB DEFAULT CHARSET=latin1;
/*!40101 SET character_set_client = @saved_cs_client */;

--
-- Dumping data for table `classes_statistics`
--

LOCK TABLES `classes_statistics` WRITE;
/*!40000 ALTER TABLE `classes_statistics` DISABLE KEYS */;
/*!40000 ALTER TABLE `classes_statistics` ENABLE KEYS */;
UNLOCK TABLES;

--
-- Table structure for table `marks`
--

DROP TABLE IF EXISTS `marks`;
/*!40101 SET @saved_cs_client     = @@character_set_client */;
/*!40101 SET character_set_client = utf8 */;
CREATE TABLE `marks` (
  `id` int(11) DEFAULT NULL,
  `subject_id` int(11) DEFAULT NULL,
  `pupil_id` int(11) DEFAULT NULL,
  `date` date DEFAULT NULL,
  `value` int(11) DEFAULT NULL
) ENGINE=InnoDB DEFAULT CHARSET=latin1;
/*!40101 SET character_set_client = @saved_cs_client */;

--
-- Dumping data for table `marks`
--

LOCK TABLES `marks` WRITE;
/*!40000 ALTER TABLE `marks` DISABLE KEYS */;
INSERT INTO `marks` VALUES (1,10,80,'2020-02-10',3),(2,8,137,'2019-07-28',5),(3,9,46,'2019-07-10',9),(4,2,83,'2020-04-26',5),(5,10,4,'2020-04-07',5),(6,8,142,'2019-02-19',8),(7,1,63,'2019-08-30',4),(8,4,82,'2020-04-26',4),(9,3,135,'2019-06-18',6),(10,6,78,'2019-05-03',3),(11,12,72,'2019-06-10',1),(12,6,49,'2019-05-18',9),(13,4,62,'2020-02-09',8),(14,7,72,'2019-07-19',8),(15,11,33,'2019-03-04',4),(16,2,84,'2018-09-02',7),(17,11,6,'2018-11-20',7),(18,3,59,'2019-09-21',7),(19,3,113,'2019-01-20',8),(20,5,47,'2019-07-20',4),(21,3,112,'2020-04-08',6),(22,9,108,'2019-06-10',2),(23,5,88,'2019-04-06',9),(24,3,82,'2020-05-29',5),(25,8,77,'2020-05-07',2),(26,6,47,'2020-02-07',2),(27,12,77,'2019-01-11',6),(28,8,46,'2019-07-13',1),(29,7,123,'2018-12-03',6),(30,5,65,'2019-10-11',6),(31,9,64,'2018-10-10',1),(32,5,13,'2019-04-09',1),(33,4,9,'2018-11-08',1),(34,5,81,'2019-01-02',1),(35,3,32,'2018-12-25',7),(36,7,101,'2018-10-22',8),(37,2,123,'2018-12-20',4),(38,4,91,'2020-04-09',8),(39,1,107,'2018-09-15',7),(40,3,40,'2020-01-31',5),(41,12,110,'2018-10-25',2),(42,12,133,'2019-09-08',1),(43,11,132,'2019-07-09',9),(44,1,36,'2020-02-17',4),(45,11,100,'2018-09-24',2),(46,12,11,'2018-09-16',6),(47,5,74,'2019-01-14',4),(48,10,3,'2020-01-05',4),(49,12,50,'2019-09-16',4),(50,12,125,'2019-05-21',9),(51,3,22,'2019-04-10',4),(52,12,88,'2019-01-31',2),(53,10,144,'2019-05-16',8),(54,5,73,'2020-02-23',8),(55,6,25,'2020-02-13',4),(56,6,46,'2018-12-23',9),(57,6,7,'2019-01-15',8),(58,3,102,'2019-04-26',3),(59,4,76,'2019-09-19',8),(60,1,8,'2019-03-19',5),(61,12,146,'2019-11-08',3),(62,7,6,'2020-01-20',1),(63,4,99,'2019-10-05',10),(64,11,40,'2019-09-30',1),(65,8,10,'2019-09-03',7),(66,12,131,'2019-12-23',9),(67,2,42,'2020-03-30',7),(68,10,138,'2019-01-24',10),(69,2,75,'2019-07-11',8),(70,3,50,'2019-05-17',6),(71,2,109,'2020-02-07',9),(72,3,17,'2018-11-19',10),(73,2,54,'2020-05-05',5),(74,7,133,'2019-09-21',4),(75,5,25,'2019-04-30',10),(76,12,30,'2019-10-03',4),(77,10,96,'2019-09-17',5),(78,4,123,'2019-09-21',1),(79,2,107,'2019-12-01',4),(80,5,147,'2020-05-01',8),(81,6,40,'2019-04-22',1),(82,9,3,'2018-10-19',7),(83,6,27,'2018-10-10',2),(84,1,22,'2018-12-21',7),(85,8,136,'2019-12-20',6),(86,12,33,'2019-05-24',10),(87,5,138,'2018-12-12',9),(88,3,91,'2019-07-29',10),(89,7,61,'2019-11-09',8),(90,9,32,'2018-12-18',3),(91,7,88,'2020-01-27',10),(92,2,119,'2019-09-13',2),(93,10,124,'2019-10-19',6),(94,11,51,'2019-03-11',8),(95,9,5,'2019-04-15',7),(96,3,4,'2019-08-21',6),(97,9,114,'2020-02-26',1),(98,2,130,'2020-05-21',7),(99,1,85,'2018-10-18',6),(100,5,45,'2019-11-25',10),(101,1,13,'2020-01-10',8),(102,9,57,'2020-03-24',5),(103,9,61,'2019-09-04',7),(104,6,124,'2019-05-13',10),(105,5,117,'2020-04-14',5),(106,1,101,'2019-06-05',9),(107,8,119,'2020-01-23',3),(108,12,144,'2019-05-19',7),(109,3,108,'2020-02-11',1),(110,11,49,'2018-11-08',3),(111,11,29,'2018-09-04',1),(112,9,71,'2019-05-07',10),(113,11,45,'2019-10-26',2),(114,10,137,'2020-02-08',2),(115,7,86,'2019-04-24',6),(116,9,72,'2018-11-06',10),(117,5,74,'2018-09-07',7),(118,10,60,'2019-03-09',2),(119,12,39,'2019-07-29',3),(120,6,144,'2019-02-02',2),(121,7,129,'2019-10-17',5),(122,7,110,'2019-07-07',10),(123,9,101,'2020-03-30',9),(124,11,90,'2019-12-14',8),(125,5,49,'2020-02-20',9),(126,7,41,'2018-11-16',7),(127,12,140,'2019-10-10',3),(128,1,37,'2019-09-09',1),(129,12,97,'2019-06-03',7),(130,7,146,'2019-05-13',2),(131,1,103,'2019-08-04',4),(132,7,79,'2019-09-17',4),(133,3,132,'2018-12-19',10),(134,9,61,'2018-12-02',5),(135,9,41,'2019-10-11',4),(136,1,18,'2019-06-24',3),(137,3,110,'2018-09-28',4),(138,4,139,'2019-12-01',5),(139,12,61,'2019-09-08',2),(140,10,8,'2020-05-01',4),(141,9,27,'2020-04-17',7),(142,2,52,'2019-03-29',5),(143,5,92,'2019-03-28',9),(144,12,108,'2020-01-28',7),(145,2,141,'2020-05-01',10),(146,2,19,'2019-12-22',5),(147,12,13,'2020-03-14',3),(148,10,69,'2019-12-31',2),(149,6,12,'2019-02-20',9),(150,2,133,'2019-07-27',3),(151,3,96,'2020-02-13',3),(152,10,6,'2019-10-15',9),(153,11,112,'2020-01-14',8),(154,10,88,'2019-06-10',10),(155,1,14,'2020-03-19',1),(156,2,140,'2020-02-19',6),(157,7,77,'2020-04-27',9),(158,8,103,'2020-04-11',6),(159,2,37,'2020-01-11',4),(160,9,98,'2018-11-20',7),(161,5,58,'2019-11-25',7),(162,12,39,'2020-05-04',1),(163,10,34,'2019-08-23',7),(164,5,110,'2020-04-21',5),(165,11,70,'2019-05-05',10),(166,11,119,'2019-06-14',10),(167,2,96,'2019-02-20',7),(168,12,100,'2018-11-13',6),(169,1,53,'2019-08-22',3),(170,5,82,'2020-04-07',1),(171,1,51,'2019-11-04',1),(172,12,112,'2019-08-27',6),(173,9,108,'2020-05-28',1),(174,1,147,'2018-12-18',9),(175,4,145,'2019-07-16',6),(176,5,5,'2019-02-14',10),(177,9,58,'2019-07-15',6),(178,11,145,'2018-09-21',3),(179,8,43,'2019-11-08',10),(180,11,12,'2020-02-26',7),(181,12,78,'2019-11-01',1),(182,7,73,'2020-04-14',2),(183,7,41,'2019-09-05',10),(184,9,64,'2018-11-09',4),(185,7,98,'2019-07-16',2),(186,2,111,'2020-03-23',4),(187,5,13,'2018-11-21',9),(188,4,133,'2019-01-30',6),(189,11,22,'2019-03-16',7),(190,5,125,'2020-03-12',6),(191,3,131,'2018-09-28',3),(192,10,78,'2020-04-27',7),(193,7,133,'2020-04-22',7),(194,9,101,'2019-02-27',10),(195,11,111,'2018-10-01',9),(196,7,37,'2019-05-29',10),(197,10,71,'2018-10-25',5),(198,12,22,'2020-03-12',10),(199,4,110,'2019-05-09',2),(200,1,116,'2018-11-24',8),(201,5,30,'2018-09-19',9),(202,12,37,'2018-10-15',9),(203,10,44,'2020-03-01',2),(204,12,32,'2019-12-15',6),(205,9,51,'2019-03-11',1),(206,9,129,'2019-07-10',5),(207,12,10,'2020-01-26',10),(208,10,103,'2019-02-22',8),(209,1,142,'2020-04-01',3),(210,6,142,'2019-04-30',3),(211,11,73,'2019-07-11',1),(212,5,137,'2020-01-06',5),(213,12,114,'2020-03-20',2),(214,2,96,'2019-07-01',2),(215,3,83,'2019-07-30',4),(216,5,64,'2020-02-02',6),(217,5,57,'2019-03-15',8),(218,9,18,'2019-11-17',3),(219,1,68,'2020-01-29',10),(220,6,146,'2019-10-20',5),(221,9,126,'2020-01-24',1),(222,2,144,'2018-09-24',3),(223,4,147,'2020-03-23',9),(224,9,113,'2019-11-22',9),(225,9,73,'2020-01-01',7),(226,10,69,'2020-05-17',5),(227,12,101,'2018-10-20',10),(228,2,13,'2019-11-30',2),(229,7,34,'2020-04-07',6),(230,6,80,'2019-02-21',6),(231,10,31,'2019-02-25',4),(232,3,30,'2019-03-23',3),(233,8,106,'2018-12-16',9),(234,2,30,'2019-07-07',4),(235,10,56,'2019-04-29',4),(236,5,101,'2019-07-11',5),(237,6,87,'2018-10-11',7),(238,1,133,'2019-07-01',5),(239,9,55,'2018-09-16',6),(240,10,30,'2019-10-14',1),(241,4,42,'2019-12-03',4),(242,1,55,'2019-07-04',7),(243,10,109,'2020-02-08',6),(244,6,60,'2019-12-12',2),(245,9,11,'2019-04-07',7),(246,1,101,'2019-08-21',2),(247,2,31,'2019-06-06',9),(248,7,5,'2020-05-14',5),(249,11,87,'2019-10-06',5),(250,7,71,'2018-11-08',4),(251,11,148,'2019-07-08',1),(252,5,68,'2019-10-17',6),(253,4,67,'2019-03-27',10),(254,3,115,'2020-02-20',4),(255,2,24,'2019-01-25',8),(256,10,63,'2019-10-03',5),(257,2,35,'2019-05-06',4),(258,5,148,'2019-10-25',5),(259,11,50,'2018-12-11',2),(260,3,92,'2019-01-03',2),(261,2,12,'2019-11-14',4),(262,6,23,'2019-09-04',9),(263,3,39,'2019-05-09',2),(264,1,72,'2018-09-29',8),(265,9,49,'2019-05-12',9),(266,10,47,'2018-10-11',2),(267,6,4,'2019-12-02',4),(268,2,100,'2018-12-11',7),(269,4,24,'2019-12-17',5),(270,7,30,'2019-03-19',1),(271,6,123,'2020-01-22',1),(272,3,106,'2020-01-05',7),(273,6,54,'2020-01-13',7),(274,10,4,'2019-06-06',6),(275,10,52,'2019-06-14',5),(276,1,7,'2020-03-18',1),(277,11,18,'2019-06-25',2),(278,12,4,'2020-05-21',4),(279,2,147,'2018-12-05',1),(280,7,121,'2019-05-22',5),(281,5,82,'2019-08-20',7),(282,5,145,'2019-04-16',10),(283,10,29,'2019-12-08',5),(284,6,52,'2019-02-15',1),(285,6,53,'2018-10-10',9),(286,4,45,'2019-06-13',6),(287,9,85,'2019-04-15',6),(288,6,90,'2020-04-25',4),(289,12,137,'2018-11-12',3),(290,5,45,'2019-05-21',4),(291,3,15,'2019-04-10',7),(292,3,40,'2019-07-02',4),(293,5,81,'2019-07-30',9),(294,12,122,'2019-12-04',3),(295,4,109,'2020-03-21',9),(296,4,138,'2019-08-23',10),(297,7,31,'2020-03-27',5),(298,10,69,'2020-03-10',6),(299,7,126,'2020-03-16',10),(300,5,6,'2019-02-01',10),(301,8,121,'2019-04-02',1),(302,2,79,'2019-11-03',2),(303,2,14,'2018-10-29',10),(304,10,74,'2018-12-26',10),(305,8,70,'2019-09-09',1),(306,8,89,'2019-07-09',6),(307,5,118,'2018-11-10',2),(308,7,9,'2020-03-17',7),(309,7,16,'2019-09-04',4),(310,11,144,'2019-03-17',2),(311,5,37,'2019-04-13',6),(312,8,62,'2019-03-24',7),(313,6,4,'2019-01-12',7),(314,3,142,'2019-08-06',8),(315,2,96,'2019-08-17',5),(316,3,99,'2019-09-16',1),(317,3,3,'2018-09-19',7),(318,12,145,'2018-10-10',5),(319,3,19,'2019-10-06',4),(320,8,139,'2020-05-30',6),(321,9,61,'2019-07-06',6),(322,7,35,'2019-02-03',1),(323,8,94,'2019-09-10',7),(324,12,108,'2020-05-10',5),(325,11,106,'2019-01-21',2),(326,1,117,'2019-09-30',2),(327,3,83,'2019-11-11',10),(328,10,147,'2019-02-11',9),(329,5,93,'2019-03-04',1),(330,8,14,'2019-06-06',9),(331,6,114,'2019-11-04',5),(332,5,141,'2018-12-15',8),(333,2,100,'2019-08-31',1),(334,2,42,'2019-09-12',1),(335,4,35,'2019-02-07',7),(336,9,134,'2019-09-05',3),(337,2,129,'2019-12-18',5),(338,9,92,'2019-05-21',3),(339,6,135,'2018-09-19',9),(340,7,25,'2019-09-16',6),(341,8,138,'2019-08-15',7),(342,11,90,'2019-04-07',6),(343,2,36,'2019-06-25',9),(344,11,127,'2019-10-19',8),(345,6,101,'2018-10-26',2),(346,5,44,'2018-11-16',4),(347,6,101,'2019-03-19',3),(348,3,50,'2019-10-29',8),(349,11,70,'2018-11-10',9),(350,6,114,'2019-08-18',5),(351,10,143,'2018-12-02',10),(352,12,3,'2020-04-17',5),(353,3,77,'2019-12-14',10),(354,11,72,'2019-12-11',10),(355,11,15,'2018-12-24',5),(356,1,110,'2019-06-07',4),(357,12,99,'2018-11-23',4),(358,10,18,'2018-10-09',10),(359,10,114,'2019-10-14',2),(360,9,79,'2019-11-11',7),(361,2,130,'2019-05-21',1),(362,2,32,'2020-03-29',7),(363,4,82,'2019-04-14',4),(364,7,145,'2019-05-04',10),(365,4,50,'2018-10-21',5),(366,12,127,'2020-03-31',5),(367,3,13,'2020-01-13',5),(368,11,88,'2019-01-06',2),(369,3,125,'2019-11-08',4),(370,12,49,'2019-01-09',10),(371,2,86,'2020-05-08',3),(372,2,141,'2018-09-29',5),(373,1,87,'2019-10-23',3),(374,2,110,'2018-09-10',5),(375,8,70,'2019-04-19',2),(376,10,66,'2018-09-22',8),(377,3,127,'2019-04-13',8),(378,7,11,'2020-03-21',7),(379,4,137,'2020-05-03',5),(380,4,118,'2019-10-04',8),(381,5,110,'2019-11-22',3),(382,3,3,'2019-08-03',3),(383,9,17,'2019-12-22',2),(384,6,128,'2019-04-02',9),(385,3,69,'2019-01-04',4),(386,12,96,'2018-11-05',2),(387,6,28,'2020-02-20',4),(388,3,58,'2019-06-26',8),(389,12,135,'2019-02-20',4),(390,8,13,'2020-04-05',9),(391,12,52,'2019-12-19',5),(392,4,6,'2018-12-31',2),(393,8,90,'2019-01-20',10),(394,6,17,'2019-03-17',10),(395,11,8,'2018-09-22',8),(396,3,4,'2018-11-11',2),(397,3,97,'2020-01-27',8),(398,6,139,'2018-09-19',7),(399,12,115,'2019-01-15',4),(400,12,18,'2020-02-06',5),(401,10,100,'2020-02-01',10),(402,3,107,'2019-01-15',1),(403,8,113,'2019-05-14',8),(404,3,11,'2019-04-30',9),(405,1,93,'2020-02-13',2),(406,12,18,'2018-11-16',6),(407,7,48,'2019-05-27',2),(408,7,23,'2018-12-16',5),(409,5,123,'2019-12-26',1),(410,11,135,'2020-03-20',1),(411,5,96,'2019-09-12',9),(412,3,98,'2019-06-05',6),(413,2,33,'2019-04-30',2),(414,10,120,'2019-04-16',3),(415,4,145,'2018-12-27',1),(416,2,78,'2020-01-21',2),(417,4,94,'2018-11-02',4),(418,9,133,'2019-07-26',5),(419,5,150,'2020-04-12',1),(420,10,2,'2019-10-26',8),(421,2,103,'2019-12-12',7),(422,12,50,'2019-06-03',8),(423,1,133,'2019-12-10',1),(424,3,8,'2019-04-23',2),(425,6,44,'2020-01-20',6),(426,3,143,'2018-12-29',6),(427,10,122,'2020-02-26',7),(428,6,79,'2020-01-15',10),(429,8,121,'2018-10-21',4),(430,8,68,'2020-03-23',8),(431,4,49,'2019-11-15',6),(432,3,73,'2019-11-05',3),(433,4,6,'2019-03-13',6),(434,1,134,'2018-09-29',3),(435,10,141,'2018-12-21',4),(436,5,38,'2019-09-18',4),(437,1,104,'2019-05-03',9),(438,12,107,'2019-03-06',5),(439,4,125,'2019-06-13',3),(440,12,20,'2020-02-23',10),(441,3,70,'2020-05-31',8),(442,8,11,'2020-05-10',5),(443,5,3,'2020-05-24',4),(444,9,67,'2019-12-25',5),(445,10,91,'2019-05-13',10),(446,10,80,'2019-12-12',3),(447,8,90,'2019-04-23',9),(448,1,144,'2018-10-24',9),(449,1,86,'2019-06-02',4),(450,9,85,'2020-02-15',2),(451,12,17,'2019-01-17',9),(452,10,91,'2018-11-04',1),(453,10,109,'2020-03-01',6),(454,10,63,'2019-08-18',5),(455,12,88,'2020-04-10',6),(456,8,127,'2019-01-02',10),(457,2,47,'2019-09-25',4),(458,4,57,'2019-09-15',5),(459,8,144,'2019-02-28',8),(460,6,14,'2018-10-03',7),(461,1,143,'2019-08-15',5),(462,2,64,'2019-01-21',6),(463,1,16,'2019-10-05',5),(464,12,131,'2019-10-27',10),(465,3,39,'2019-07-23',5),(466,5,38,'2019-03-08',2),(467,11,24,'2020-05-18',2),(468,1,106,'2019-11-24',1),(469,12,10,'2020-03-31',3),(470,6,8,'2020-05-19',1),(471,12,84,'2019-01-11',7),(472,6,46,'2020-02-29',7),(473,5,124,'2019-02-10',8),(474,8,131,'2018-12-07',1),(475,12,9,'2019-07-19',5),(476,8,26,'2020-05-23',2),(477,8,44,'2019-09-14',8),(478,3,90,'2020-05-07',9),(479,11,79,'2019-04-18',1),(480,11,95,'2019-09-19',1),(481,3,3,'2020-03-21',5),(482,3,38,'2019-06-04',5),(483,6,102,'2019-05-20',8),(484,9,9,'2020-04-28',1),(485,11,110,'2019-03-21',6),(486,10,78,'2019-06-03',10),(487,8,86,'2019-02-23',10),(488,5,115,'2019-01-18',10),(489,11,54,'2020-04-13',5),(490,12,136,'2019-11-26',3),(491,9,63,'2019-07-11',5),(492,11,114,'2019-07-06',2),(493,10,36,'2019-10-30',6),(494,12,150,'2019-11-03',5),(495,3,146,'2019-06-23',5),(496,9,140,'2019-02-21',7),(497,7,107,'2019-12-31',8),(498,10,108,'2020-03-30',9),(499,4,77,'2020-04-22',2),(500,2,29,'2019-07-08',7),(501,9,104,'2018-10-06',7),(502,12,39,'2019-09-12',6),(503,6,15,'2019-07-31',8),(504,12,91,'2019-04-20',5),(505,11,86,'2018-09-11',8),(506,6,89,'2018-11-27',8),(507,9,112,'2019-02-25',8),(508,6,135,'2020-05-11',9),(509,10,12,'2019-11-05',3),(510,7,122,'2019-12-25',8),(511,7,146,'2019-08-30',10),(512,6,39,'2020-05-19',7),(513,4,51,'2020-05-18',5),(514,1,116,'2019-02-14',9),(515,9,95,'2019-05-22',6),(516,7,46,'2020-01-29',8),(517,2,81,'2019-01-04',2),(518,4,37,'2019-04-06',10),(519,12,26,'2019-06-06',3),(520,8,104,'2019-10-24',5),(521,11,31,'2019-06-07',4),(522,8,5,'2019-12-19',2),(523,8,94,'2018-10-08',10),(524,3,56,'2019-07-29',7),(525,3,13,'2019-04-06',10),(526,8,3,'2019-09-22',5),(527,6,5,'2019-03-23',9),(528,8,1,'2019-08-07',8),(529,2,113,'2018-10-15',5),(530,10,144,'2019-03-26',8),(531,7,88,'2019-12-18',7),(532,3,69,'2019-07-10',9),(533,9,51,'2018-10-23',4),(534,11,12,'2019-03-16',4),(535,3,12,'2020-03-25',9),(536,8,128,'2019-12-12',1),(537,5,40,'2019-02-07',5),(538,1,47,'2019-04-24',9),(539,8,42,'2019-06-23',7),(540,8,28,'2020-04-10',5),(541,8,55,'2020-01-31',6),(542,5,21,'2019-11-10',3),(543,5,132,'2018-09-10',6),(544,11,1,'2019-09-16',10),(545,11,136,'2018-11-22',1),(546,2,100,'2019-04-26',9),(547,7,44,'2019-05-04',10),(548,1,93,'2019-03-15',9),(549,4,143,'2019-10-21',9),(550,12,2,'2019-09-20',9),(551,2,110,'2020-04-27',2),(552,11,56,'2019-07-14',6),(553,9,144,'2020-02-04',10),(554,7,120,'2018-12-20',6),(555,3,23,'2019-03-05',10),(556,5,45,'2018-12-16',9),(557,9,92,'2020-05-16',4),(558,3,142,'2019-10-16',6),(559,2,111,'2019-05-22',10),(560,9,74,'2020-01-03',1),(561,4,123,'2019-08-31',7),(562,8,106,'2020-01-18',2),(563,3,12,'2019-10-31',6),(564,10,72,'2019-12-09',5),(565,11,101,'2020-02-26',8),(566,9,30,'2018-11-24',2),(567,2,44,'2019-04-23',1),(568,10,66,'2020-01-19',7),(569,6,109,'2019-04-04',5),(570,10,36,'2019-01-23',2),(571,4,131,'2019-07-21',3),(572,11,44,'2019-03-04',1),(573,12,18,'2019-01-16',8),(574,5,57,'2019-10-23',5),(575,10,16,'2018-09-10',5),(576,12,105,'2018-10-14',10),(577,12,72,'2019-08-04',10),(578,6,71,'2020-05-22',5),(579,5,143,'2018-10-15',10),(580,12,94,'2018-09-26',8),(581,11,148,'2020-02-28',2),(582,1,16,'2018-12-28',10),(583,3,72,'2019-10-30',6),(584,5,72,'2019-03-02',2),(585,1,77,'2019-05-17',9),(586,12,98,'2019-08-04',3),(587,10,61,'2018-12-04',7),(588,3,46,'2019-08-07',5),(589,12,133,'2018-11-22',7),(590,1,18,'2019-05-31',1),(591,5,88,'2020-03-22',6),(592,4,34,'2019-06-07',9),(593,7,15,'2019-03-28',7),(594,3,33,'2019-12-29',9),(595,8,59,'2020-03-25',8),(596,9,65,'2019-05-30',2),(597,9,36,'2018-09-10',1),(598,11,85,'2019-09-09',10),(599,8,72,'2019-02-26',7),(600,10,63,'2018-10-30',5),(601,2,64,'2018-09-19',6),(602,6,148,'2019-08-14',7),(603,7,20,'2019-06-20',7),(604,7,72,'2020-05-30',3),(605,12,35,'2018-12-12',5),(606,2,24,'2019-08-31',10),(607,1,77,'2019-07-09',6),(608,3,127,'2019-07-01',1),(609,4,72,'2019-05-10',5),(610,1,116,'2019-03-20',5),(611,12,4,'2019-08-21',1),(612,1,18,'2019-04-15',10),(613,2,21,'2019-04-23',9),(614,1,37,'2018-10-19',10),(615,4,57,'2019-08-06',6),(616,6,140,'2019-03-04',4),(617,8,108,'2020-01-14',6),(618,5,148,'2018-12-12',9),(619,5,60,'2018-10-02',4),(620,7,98,'2019-04-26',6),(621,1,56,'2019-09-20',10),(622,2,15,'2019-12-13',6),(623,10,56,'2020-01-04',6),(624,5,111,'2019-09-17',4),(625,1,47,'2019-02-14',3),(626,9,108,'2019-05-14',1),(627,9,128,'2020-04-10',5),(628,10,110,'2019-10-05',9),(629,4,96,'2019-04-24',8),(630,8,133,'2019-12-18',6),(631,8,107,'2019-08-18',7),(632,8,122,'2019-10-14',6),(633,9,15,'2018-12-26',3),(634,8,104,'2018-12-25',10),(635,5,45,'2018-09-20',5),(636,2,25,'2019-10-09',8),(637,5,93,'2019-04-18',9),(638,9,48,'2019-12-22',5),(639,6,105,'2018-11-18',8),(640,10,149,'2020-05-10',9),(641,2,63,'2018-10-13',3),(642,1,127,'2019-07-09',1),(643,2,5,'2019-12-11',8),(644,5,35,'2019-04-09',4),(645,1,133,'2019-05-08',7),(646,9,148,'2019-03-04',4),(647,2,7,'2018-10-29',4),(648,11,118,'2018-11-03',4),(649,4,65,'2019-06-07',10),(650,5,93,'2020-05-11',7),(651,12,28,'2019-08-07',8),(652,10,46,'2018-09-13',10),(653,10,36,'2018-09-02',2),(654,9,133,'2019-05-04',3),(655,4,139,'2019-01-02',10),(656,1,93,'2019-03-29',5),(657,8,110,'2019-09-01',6),(658,10,56,'2019-07-29',1),(659,11,89,'2019-08-21',7),(660,5,9,'2018-12-23',4),(661,5,103,'2019-11-05',6),(662,4,139,'2020-01-28',3),(663,10,6,'2019-03-18',5),(664,3,118,'2019-10-22',10),(665,9,113,'2020-05-16',10),(666,11,118,'2018-09-28',9),(667,6,137,'2020-01-08',8),(668,5,11,'2019-04-13',7),(669,2,73,'2020-01-18',9),(670,2,120,'2019-02-02',8),(671,6,15,'2018-12-28',9),(672,9,53,'2019-03-24',6),(673,5,95,'2019-05-29',7),(674,9,114,'2018-11-27',2),(675,1,73,'2020-03-29',2),(676,10,106,'2020-03-24',1),(677,4,46,'2020-02-28',9),(678,12,35,'2018-12-30',10),(679,3,145,'2019-02-13',3),(680,12,59,'2019-12-10',1),(681,1,87,'2019-02-17',8),(682,10,141,'2019-04-27',7),(683,9,50,'2018-12-06',9),(684,12,64,'2020-05-05',9),(685,8,28,'2019-12-06',7),(686,10,136,'2019-09-23',5),(687,3,52,'2018-11-21',9),(688,12,97,'2019-07-18',10),(689,1,108,'2019-08-18',4),(690,4,72,'2020-03-03',1),(691,7,57,'2019-03-30',6),(692,5,145,'2019-12-19',2),(693,3,1,'2019-03-11',10),(694,4,8,'2020-01-19',10),(695,2,41,'2018-10-14',10),(696,9,32,'2019-11-22',6),(697,1,124,'2019-05-01',8),(698,10,33,'2019-02-04',4),(699,8,149,'2019-11-21',5),(700,12,16,'2019-11-21',8),(701,1,49,'2020-02-14',6),(702,11,125,'2019-09-05',6),(703,7,140,'2019-01-20',1),(704,5,146,'2019-06-28',4),(705,1,10,'2020-05-04',1),(706,1,102,'2020-04-05',5),(707,9,110,'2019-03-12',10),(708,2,96,'2019-03-09',9),(709,1,81,'2019-03-01',9),(710,9,56,'2018-09-06',1),(711,12,140,'2019-05-19',10),(712,6,107,'2019-06-02',5),(713,9,73,'2019-01-25',8),(714,3,77,'2019-02-27',1),(715,8,45,'2019-01-06',6),(716,2,106,'2019-06-24',1),(717,12,115,'2019-12-09',5),(718,7,146,'2019-01-14',5),(719,2,67,'2019-11-02',9),(720,4,109,'2019-01-23',4),(721,2,105,'2019-08-04',4),(722,12,72,'2020-04-01',2),(723,3,102,'2019-12-01',1),(724,3,42,'2019-09-14',8),(725,6,129,'2020-01-07',3),(726,7,66,'2019-05-02',7),(727,12,54,'2020-03-01',4),(728,12,55,'2020-01-19',6),(729,1,73,'2019-10-11',4),(730,1,117,'2019-06-04',5),(731,6,119,'2019-09-07',4),(732,6,70,'2020-02-09',1),(733,7,13,'2020-05-22',8),(734,12,135,'2018-12-06',8),(735,5,2,'2019-04-19',9),(736,7,140,'2019-10-19',4),(737,2,86,'2019-12-17',7),(738,6,61,'2020-02-17',6),(739,12,126,'2020-04-24',8),(740,8,63,'2019-06-27',9),(741,4,33,'2019-07-17',5),(742,7,19,'2019-06-13',1),(743,12,33,'2020-01-08',3),(744,7,28,'2020-03-29',2),(745,5,2,'2018-09-10',3),(746,8,1,'2020-04-02',2),(747,12,30,'2018-12-11',1),(748,6,98,'2019-07-11',10),(749,3,144,'2020-04-14',1),(750,1,75,'2018-10-09',1),(751,3,147,'2019-10-16',5),(752,5,95,'2020-01-10',3),(753,1,44,'2020-02-08',2),(754,4,98,'2019-11-23',7),(755,5,52,'2020-03-15',1),(756,7,114,'2020-02-23',3),(757,9,9,'2018-09-19',8),(758,1,79,'2018-09-04',1),(759,1,86,'2019-06-14',6),(760,5,7,'2018-12-05',4),(761,7,24,'2020-05-13',1),(762,3,87,'2018-09-10',5),(763,10,57,'2019-12-11',2),(764,1,27,'2019-10-20',1),(765,10,20,'2020-03-12',8),(766,9,144,'2020-03-01',7),(767,1,51,'2020-04-25',3),(768,1,27,'2019-02-22',4),(769,5,122,'2019-10-08',10),(770,11,98,'2020-03-26',7),(771,5,6,'2018-10-16',2),(772,9,62,'2019-02-05',5),(773,5,71,'2019-08-23',8),(774,11,25,'2019-10-28',9),(775,1,85,'2019-05-28',10),(776,6,119,'2019-08-27',4),(777,4,79,'2019-09-14',3),(778,5,88,'2019-05-10',6),(779,1,71,'2020-01-11',5),(780,3,86,'2019-01-08',9),(781,2,85,'2018-12-10',4),(782,2,137,'2018-11-30',9),(783,2,110,'2020-02-04',2),(784,11,27,'2019-04-14',1),(785,10,104,'2019-07-07',8),(786,7,126,'2019-05-26',5),(787,9,54,'2018-09-17',7),(788,10,22,'2020-02-27',7),(789,10,14,'2018-10-05',1),(790,6,95,'2018-10-05',10),(791,4,11,'2019-11-28',9),(792,3,22,'2018-10-18',4),(793,11,88,'2019-01-19',6),(794,6,72,'2019-11-14',7),(795,1,22,'2019-11-25',6),(796,3,67,'2019-02-09',3),(797,6,74,'2018-11-05',1),(798,8,131,'2020-02-15',1),(799,3,9,'2018-11-17',7),(800,9,104,'2019-08-29',6);
/*!40000 ALTER TABLE `marks` ENABLE KEYS */;
UNLOCK TABLES;

--
-- Table structure for table `pupils`
--

DROP TABLE IF EXISTS `pupils`;
/*!40101 SET @saved_cs_client     = @@character_set_client */;
/*!40101 SET character_set_client = utf8 */;
CREATE TABLE `pupils` (
  `id` int(11) DEFAULT NULL,
  `firstname` varchar(50) DEFAULT NULL,
  `lastname` varchar(50) DEFAULT NULL,
  `email` varchar(50) DEFAULT NULL,
  `gender` varchar(50) DEFAULT NULL,
  `birthdate` date DEFAULT NULL,
  `class_id` int(11) DEFAULT NULL,
  `class_head_id` int(11) DEFAULT NULL,
  `createdDate` date DEFAULT NULL,
  `modifiedDate` date DEFAULT NULL
) ENGINE=InnoDB DEFAULT CHARSET=latin1;
/*!40101 SET character_set_client = @saved_cs_client */;

--
-- Dumping data for table `pupils`
--

LOCK TABLES `pupils` WRITE;
/*!40000 ALTER TABLE `pupils` DISABLE KEYS */;
INSERT INTO `pupils` VALUES (1,'Gert','Bilbrook','gbilbrook0@nature.com','Female','2019-02-16',3,2,NULL,NULL),(2,'Jamil','Vonasek','jvonasek1@howstuffworks.com','Male','2004-06-04',2,2,NULL,NULL),(3,'Nevsa','Esberger','nesberger2@bluehost.com','Female','2008-08-06',4,1,NULL,NULL),(4,'Rorke','Valentinuzzi','rvalentinuzzi3@google.com.au','Male','2018-10-24',4,4,NULL,NULL),(5,'Augie','Defew','adefew4@blinklist.com','Male','2002-09-26',2,5,NULL,NULL),(6,'Shanta','Penkethman','spenkethman5@mediafire.com','Female','2010-12-07',5,4,NULL,NULL),(7,'Cesare','Shelsher','cshelsher6@umich.edu','Male','2016-02-15',3,2,NULL,NULL),(8,'Dimitri','Borles','dborles7@hp.com','Male','2004-05-12',2,2,NULL,NULL),(9,'Ab','Grinsted','agrinsted8@nationalgeographic.com','Male','2006-06-04',2,4,NULL,NULL),(10,'Hernando','Bisp','hbisp9@mlb.com','Male','2004-07-18',4,2,NULL,NULL),(11,'Stearne','Monument','smonumenta@craigslist.org','Male','2012-02-27',1,3,NULL,NULL),(12,'Artemis','Morriss','amorrissb@scientificamerican.com','Male','2005-10-01',3,3,NULL,NULL),(13,'Rodolphe','Pantin','rpantinc@answers.com','Male','2019-06-16',3,3,NULL,NULL),(14,'Mortie','Hartless','mhartlessd@tinypic.com','Male','2018-02-28',2,4,NULL,NULL),(15,'Yuri','Borrows','yborrowse@illinois.edu','Male','2003-04-18',4,4,NULL,NULL),(16,'Owen','Fidilis','ofidilisf@sfgate.com','Male','2014-06-20',1,4,NULL,NULL),(17,'Chance','Allix','callixg@tripod.com','Male','2016-12-22',2,3,NULL,NULL),(18,'Beitris','Guymer','bguymerh@hugedomains.com','Female','2003-11-14',1,3,NULL,NULL),(19,'Rozalin','Gobert','rgoberti@howstuffworks.com','Female','2009-11-30',4,5,NULL,NULL),(20,'Donavon','Lovick','dlovickj@ovh.net','Male','2019-07-10',3,1,NULL,NULL),(21,'Juline','Case','jcasek@statcounter.com','Female','2005-03-17',4,1,NULL,NULL),(22,'Ber','Spata','bspatal@usa.gov','Male','2004-06-07',2,1,NULL,NULL),(23,'Had','Wintersgill','hwintersgillm@comsenz.com','Male','2011-07-01',1,1,NULL,NULL),(24,'Ivory','Tidmas','itidmasn@nationalgeographic.com','Female','2017-06-15',1,3,NULL,NULL),(25,'Max','Birchenhead','mbirchenheado@ning.com','Female','2006-01-16',4,4,NULL,NULL),(26,'Roderich','Litel','rlitelp@mail.ru','Male','2006-03-03',1,5,NULL,NULL),(27,'Mehetabel','Lyte','mlyteq@seesaa.net','Female','2011-05-05',3,3,NULL,NULL),(28,'Louie','Tunnow','ltunnowr@google.fr','Male','2011-06-26',5,2,NULL,NULL),(29,'Adore','Annion','aannions@netscape.com','Female','2012-06-11',3,1,NULL,NULL),(30,'Baillie','Casaro','bcasarot@bbb.org','Male','2004-09-15',4,2,NULL,NULL),(31,'Elias','Speaks','espeaksu@mit.edu','Male','2017-10-08',1,5,NULL,NULL),(32,'Brande','Schoenfisch','bschoenfischv@trellian.com','Female','2013-11-29',3,2,NULL,NULL),(33,'Abramo','Curmi','acurmiw@unicef.org','Male','2011-05-24',4,5,NULL,NULL),(34,'Tracey','Joseph','tjosephx@hp.com','Male','2017-06-24',5,4,NULL,NULL),(35,'Derwin','Marder','dmardery@skype.com','Male','2007-02-05',4,5,NULL,NULL),(36,'Budd','Fumagalli','bfumagalliz@cyberchimps.com','Male','2002-05-22',4,1,NULL,NULL),(37,'Annie','Mazella','amazella10@omniture.com','Female','2013-08-11',4,4,NULL,NULL),(38,'Mareah','Darlington','mdarlington11@mapy.cz','Female','2014-11-19',1,3,NULL,NULL),(39,'Bevon','Eilles','beilles12@bandcamp.com','Male','2005-10-01',2,2,NULL,NULL),(40,'Dukey','Camilleri','dcamilleri13@tmall.com','Male','2018-11-05',5,4,NULL,NULL),(41,'Randell','Waldron','rwaldron14@ameblo.jp','Male','2010-04-02',3,3,NULL,NULL),(42,'Garik','Annesley','gannesley15@w3.org','Male','2012-04-17',3,4,NULL,NULL),(43,'Kristin','Bessant','kbessant16@narod.ru','Female','2006-11-01',2,4,NULL,NULL),(44,'Dodi','Creegan','dcreegan17@squarespace.com','Female','2007-04-12',5,1,NULL,NULL),(45,'Aurthur','Skurm','askurm18@baidu.com','Male','2007-06-28',4,1,NULL,NULL),(46,'Christophe','Tansley','ctansley19@ebay.com','Male','2005-11-22',2,2,NULL,NULL),(47,'Bartolomeo','Brotherheed','bbrotherheed1a@is.gd','Male','2013-06-17',4,1,NULL,NULL),(48,'Zulema','Rugieri','zrugieri1b@epa.gov','Female','2011-06-02',4,3,NULL,NULL),(49,'Codie','Ive','cive1c@wikispaces.com','Male','2007-01-20',4,2,NULL,NULL),(50,'Caddric','Scrivens','cscrivens1d@un.org','Male','2009-01-21',4,1,NULL,NULL),(51,'Byram','Filon','bfilon1e@creativecommons.org','Male','2006-02-27',4,3,NULL,NULL),(52,'Estevan','Leyshon','eleyshon1f@howstuffworks.com','Male','2016-01-06',4,3,NULL,NULL),(53,'Cyril','Belson','cbelson1g@bloglines.com','Male','2017-06-26',5,1,NULL,NULL),(54,'Frederica','Missington','fmissington1h@tamu.edu','Female','2014-05-21',1,5,NULL,NULL),(55,'Rosita','Divine','rdivine1i@abc.net.au','Female','2019-11-07',2,5,NULL,NULL),(56,'Rabi','Crudge','rcrudge1j@ca.gov','Male','2007-05-30',2,4,NULL,NULL),(57,'Georgena','Graves','ggraves1k@smh.com.au','Female','2004-12-25',1,4,NULL,NULL),(58,'Vladimir','Orrum','vorrum1l@abc.net.au','Male','2019-03-16',4,5,NULL,NULL),(59,'Kelby','Blasl','kblasl1m@ibm.com','Male','2016-09-03',3,3,NULL,NULL),(60,'Dodie','Gadd','dgadd1n@whitehouse.gov','Female','2016-10-04',5,3,NULL,NULL),(61,'Anestassia','Conkling','aconkling1o@eventbrite.com','Female','2003-05-25',2,2,NULL,NULL),(62,'Lawton','Dalzell','ldalzell1p@bbb.org','Male','2008-03-08',2,2,NULL,NULL),(63,'Kym','Cowp','kcowp1q@whitehouse.gov','Female','2003-07-04',2,3,NULL,NULL),(64,'Sharia','Roberti','sroberti1r@slashdot.org','Female','2016-02-08',3,4,NULL,NULL),(65,'Heinrick','Caunter','hcaunter1s@elpais.com','Male','2002-11-24',1,5,NULL,NULL),(66,'Hunter','Chappelow','hchappelow1t@unicef.org','Male','2018-09-19',4,5,NULL,NULL),(67,'Clarke','Poveleye','cpoveleye1u@mozilla.org','Male','2018-08-12',2,2,NULL,NULL),(68,'Eleanore','Sears','esears1v@wsj.com','Female','2016-07-31',1,4,NULL,NULL),(69,'Jeramey','Ravens','jravens1w@dailymail.co.uk','Male','2007-10-26',3,5,NULL,NULL),(70,'Kelvin','Arndtsen','karndtsen1x@pen.io','Male','2011-11-24',1,1,NULL,NULL),(71,'Gena','Tankard','gtankard1y@linkedin.com','Female','2016-01-18',2,3,NULL,NULL),(72,'Teddi','Martell','tmartell1z@alibaba.com','Female','2017-03-25',4,2,NULL,NULL),(73,'Piper','Delves','pdelves20@prweb.com','Female','2010-02-05',4,1,NULL,NULL),(74,'Lea','Matthiae','lmatthiae21@sitemeter.com','Female','2007-12-07',1,3,NULL,NULL),(75,'Helli','Mardee','hmardee22@princeton.edu','Female','2013-02-11',2,3,NULL,NULL),(76,'Nancee','Haysom','nhaysom23@wsj.com','Female','2006-11-20',2,1,NULL,NULL),(77,'Hershel','Howlett','hhowlett24@istockphoto.com','Male','2009-06-15',4,3,NULL,NULL),(78,'Mina','Adanet','madanet25@webnode.com','Female','2014-06-25',3,3,NULL,NULL),(79,'Dar','Alesbrook','dalesbrook26@sina.com.cn','Male','2011-07-20',4,1,NULL,NULL),(80,'Octavia','Venmore','ovenmore27@yolasite.com','Female','2015-08-21',5,4,NULL,NULL),(81,'Brynna','Delgado','bdelgado28@posterous.com','Female','2009-08-06',5,2,NULL,NULL),(82,'Mia','Tatters','mtatters29@nba.com','Female','2010-08-31',5,4,NULL,NULL),(83,'Cherilynn','Kuschek','ckuschek2a@shinystat.com','Female','2018-09-04',4,4,NULL,NULL),(84,'Isabelle','Biever','ibiever2b@tinypic.com','Female','2016-07-22',5,5,NULL,NULL),(85,'Basia','Giacomini','bgiacomini2c@amazonaws.com','Female','2019-04-29',2,3,NULL,NULL),(86,'Sherman','Pawel','spawel2d@weebly.com','Male','2016-08-06',1,5,NULL,NULL),(87,'Arlee','Geggie','ageggie2e@mac.com','Female','2002-05-20',2,3,NULL,NULL),(88,'Rozamond','Caze','rcaze2f@europa.eu','Female','2008-03-28',4,4,NULL,NULL),(89,'Angy','Faulds','afaulds2g@pinterest.com','Female','2002-07-08',3,2,NULL,NULL),(90,'Austina','Stead','astead2h@washingtonpost.com','Female','2015-07-24',5,3,NULL,NULL),(91,'Elijah','Josovich','ejosovich2i@google.cn','Male','2004-06-15',2,3,NULL,NULL),(92,'Fredric','Winterborne','fwinterborne2j@globo.com','Male','2014-09-12',2,1,NULL,NULL),(93,'Cleopatra','Nisby','cnisby2k@angelfire.com','Female','2013-03-14',1,4,NULL,NULL),(94,'Erick','O\'Hoolahan','eohoolahan2l@cnet.com','Male','2008-07-11',4,4,NULL,NULL),(95,'Frazer','Ximenez','fximenez2m@timesonline.co.uk','Male','2006-03-18',2,5,NULL,NULL),(96,'Wallie','MacKnight','wmacknight2n@jugem.jp','Male','2004-01-20',1,3,NULL,NULL),(97,'Erick','Edling','eedling2o@yellowpages.com','Male','2016-12-11',5,1,NULL,NULL),(98,'Flor','Benedito','fbenedito2p@sogou.com','Female','2009-09-21',4,1,NULL,NULL),(99,'Katherina','Biglin','kbiglin2q@wsj.com','Female','2013-08-01',3,1,NULL,NULL),(100,'Gwendolen','Fann','gfann2r@psu.edu','Female','2008-05-12',2,5,NULL,NULL),(101,'Hogan','Lamburn','hlamburn2s@qq.com','Male','2003-02-20',2,1,NULL,NULL),(102,'Torr','Douthwaite','tdouthwaite2t@mashable.com','Male','2003-09-20',5,1,NULL,NULL),(103,'Devi','Godrich','dgodrich2u@springer.com','Female','2015-06-16',1,2,NULL,NULL),(104,'Jody','Djurevic','jdjurevic2v@ibm.com','Female','2013-03-31',3,1,NULL,NULL),(105,'Robby','Haye','rhaye2w@alibaba.com','Female','2005-01-01',5,2,NULL,NULL),(106,'Pen','Willavoys','pwillavoys2x@moonfruit.com','Male','2018-04-01',2,2,NULL,NULL),(107,'Bertram','Sibille','bsibille2y@phpbb.com','Male','2009-06-08',5,2,NULL,NULL),(108,'Catie','Westcott','cwestcott2z@reverbnation.com','Female','2003-09-23',4,5,NULL,NULL),(109,'Frayda','Dike','fdike30@bloglovin.com','Female','2017-10-22',3,1,NULL,NULL),(110,'Roxanna','Foro','rforo31@intel.com','Female','2003-01-01',1,2,NULL,NULL),(111,'Lock','Boodell','lboodell32@examiner.com','Male','2016-01-07',3,4,NULL,NULL),(112,'Tomasina','Hickenbottom','thickenbottom33@usda.gov','Female','2010-12-06',2,4,NULL,NULL),(113,'Tiffy','Leaburn','tleaburn34@imageshack.us','Female','2003-05-30',4,5,NULL,NULL),(114,'Dare','Goldhill','dgoldhill35@sun.com','Male','2009-07-03',3,2,NULL,NULL),(115,'Aurilia','Deneve','adeneve36@skyrock.com','Female','2008-05-12',2,4,NULL,NULL),(116,'Guthrie','Myrtle','gmyrtle37@webeden.co.uk','Male','2004-04-06',3,5,NULL,NULL),(117,'Vaclav','Corzor','vcorzor38@sun.com','Male','2006-05-08',5,3,NULL,NULL),(118,'Dita','Biaggioni','dbiaggioni39@blogger.com','Female','2009-03-02',2,1,NULL,NULL),(119,'Brannon','Hullett','bhullett3a@vinaora.com','Male','2008-12-29',5,3,NULL,NULL),(120,'Dwight','Lillee','dlillee3b@amazon.co.jp','Male','2010-02-27',2,4,NULL,NULL),(121,'Collete','Facchini','cfacchini3c@independent.co.uk','Female','2002-11-02',2,5,NULL,NULL),(122,'Morry','Jakeway','mjakeway3d@mozilla.com','Male','2012-11-09',3,1,NULL,NULL),(123,'Farrel','Kilborn','fkilborn3e@zimbio.com','Male','2018-02-17',4,3,NULL,NULL),(124,'Dorian','Aguilar','daguilar3f@ucla.edu','Male','2005-03-24',1,4,NULL,NULL),(125,'Rob','Wherry','rwherry3g@360.cn','Male','2012-07-11',1,1,NULL,NULL),(126,'Beverie','Pideon','bpideon3h@pcworld.com','Female','2016-03-21',5,3,NULL,NULL),(127,'Jorry','McDougal','jmcdougal3i@github.io','Female','2008-07-28',2,4,NULL,NULL),(128,'Robinson','Brendel','rbrendel3j@51.la','Male','2018-09-01',5,3,NULL,NULL),(129,'Iorgos','Rowet','irowet3k@msu.edu','Male','2008-12-01',1,1,NULL,NULL),(130,'Lotte','Sante','lsante3l@bbb.org','Female','2014-04-10',4,4,NULL,NULL),(131,'Jeno','St Leger','jstleger3m@si.edu','Male','2008-09-29',2,3,NULL,NULL),(132,'Darbee','Whitehall','dwhitehall3n@about.com','Male','2013-07-08',5,2,NULL,NULL),(133,'Hulda','Jerzycowski','hjerzycowski3o@usatoday.com','Female','2006-11-21',5,4,NULL,NULL),(134,'Arvin','Leinster','aleinster3p@cafepress.com','Male','2008-08-21',3,2,NULL,NULL),(135,'Gino','Givens','ggivens3q@mlb.com','Male','2019-10-17',2,5,NULL,NULL),(136,'Zeb','Monketon','zmonketon3r@edublogs.org','Male','2011-01-14',3,2,NULL,NULL),(137,'Inger','Boatright','iboatright3s@vk.com','Male','2008-11-29',5,3,NULL,NULL),(138,'Torrance','Braithwaite','tbraithwaite3t@cbslocal.com','Male','2017-05-26',2,1,NULL,NULL),(139,'Alisun','Grono','agrono3u@thetimes.co.uk','Female','2009-01-04',5,2,NULL,NULL),(140,'Jolyn','Kyberd','jkyberd3v@weebly.com','Female','2010-03-09',3,2,NULL,NULL),(141,'Camellia','Cogman','ccogman3w@amazonaws.com','Female','2018-05-24',4,1,NULL,NULL),(142,'Bronny','Cuff','bcuff3x@desdev.cn','Male','2005-12-08',4,1,NULL,NULL),(143,'Philipa','Mardoll','pmardoll3y@sbwire.com','Female','2002-11-02',3,5,NULL,NULL),(144,'Nydia','Kiljan','nkiljan3z@shareasale.com','Female','2011-01-12',2,4,NULL,NULL),(145,'Gunner','Maykin','gmaykin40@nih.gov','Male','2007-07-27',4,5,NULL,NULL),(146,'Hayyim','Ganniclifft','hganniclifft41@shinystat.com','Male','2009-02-04',2,2,NULL,NULL),(147,'Charley','Hinrichsen','chinrichsen42@squidoo.com','Male','2019-06-05',2,4,NULL,NULL),(148,'Reuben','Bubeer','rbubeer43@free.fr','Male','2012-11-22',5,1,NULL,NULL),(149,'Stacey','Galero','sgalero44@bluehost.com','Female','2011-11-03',5,2,NULL,NULL),(150,'Melany','Wakeling','mwakeling45@telegraph.co.uk','Female','2008-09-07',4,1,NULL,NULL);
/*!40000 ALTER TABLE `pupils` ENABLE KEYS */;
UNLOCK TABLES;

--
-- Table structure for table `subjects`
--

DROP TABLE IF EXISTS `subjects`;
/*!40101 SET @saved_cs_client     = @@character_set_client */;
/*!40101 SET character_set_client = utf8 */;
CREATE TABLE `subjects` (
  `id` int(11) DEFAULT NULL,
  `teacher_id` int(11) DEFAULT NULL,
  `name` varchar(10) DEFAULT NULL
) ENGINE=InnoDB DEFAULT CHARSET=latin1;
/*!40101 SET character_set_client = @saved_cs_client */;

--
-- Dumping data for table `subjects`
--

LOCK TABLES `subjects` WRITE;
/*!40000 ALTER TABLE `subjects` DISABLE KEYS */;
INSERT INTO `subjects` VALUES (1,1,'Math'),(2,2,'Literature'),(3,3,'Sport'),(4,4,'English'),(5,5,'Latvian'),(6,6,'Russian'),(7,7,'Biology'),(8,8,'Physics'),(9,9,'Chemistry'),(10,10,'History'),(11,11,'Geography'),(12,12,'Economy');
/*!40000 ALTER TABLE `subjects` ENABLE KEYS */;
UNLOCK TABLES;

--
-- Table structure for table `teachers`
--

DROP TABLE IF EXISTS `teachers`;
/*!40101 SET @saved_cs_client     = @@character_set_client */;
/*!40101 SET character_set_client = utf8 */;
CREATE TABLE `teachers` (
  `id` int(11) DEFAULT NULL,
  `firstname` varchar(50) DEFAULT NULL,
  `lastname` varchar(50) DEFAULT NULL,
  `email` varchar(50) DEFAULT NULL,
  `birthdate` date DEFAULT NULL,
  `class_id` int(11) DEFAULT NULL,
  `subject_id` int(11) DEFAULT NULL,
  `is_head` tinyint(1) DEFAULT NULL
) ENGINE=InnoDB DEFAULT CHARSET=latin1;
/*!40101 SET character_set_client = @saved_cs_client */;

--
-- Dumping data for table `teachers`
--

LOCK TABLES `teachers` WRITE;
/*!40000 ALTER TABLE `teachers` DISABLE KEYS */;
INSERT INTO `teachers` VALUES (1,'Marshall','Dalmon','mdalmon0@arizona.edu','1982-09-24',1,1,1),(2,'Malvina','Woodworth','mwoodworth1@jalbum.net','1970-05-03',2,2,1),(3,'Ludovika','Dagon','ldagon2@cdbaby.com','1963-02-25',3,3,1),(4,'Jameson','Ludlom','jludlom3@rambler.ru','1979-02-14',4,4,1),(5,'Melonie','Doveston','mdoveston4@youku.com','1971-03-22',5,5,1),(6,'Arin','Marcinkowski','amarcinkowski5@elpais.com','1970-08-12',NULL,6,0),(7,'Lise','Prevost','lprevost6@craigslist.org','1982-07-15',NULL,7,0),(8,'Carine','Willimott','cwillimott7@addthis.com','1962-04-04',NULL,8,0),(9,'Thorn','Joscelin','tjoscelin8@hibu.com','1964-08-17',NULL,9,0),(10,'Kinsley','Bullingham','kbullingham9@boston.com','1973-07-21',NULL,10,0),(11,'Torry','Croke','tcrokea@networksolutions.com','1981-08-31',NULL,11,0),(12,'Adrian','Dobrowolski','adobrowolskib@sina.com.cn','1972-08-19',NULL,12,0);
/*!40000 ALTER TABLE `teachers` ENABLE KEYS */;
UNLOCK TABLES;
/*!40103 SET TIME_ZONE=@OLD_TIME_ZONE */;

/*!40101 SET SQL_MODE=@OLD_SQL_MODE */;
/*!40014 SET FOREIGN_KEY_CHECKS=@OLD_FOREIGN_KEY_CHECKS */;
/*!40014 SET UNIQUE_CHECKS=@OLD_UNIQUE_CHECKS */;
/*!40101 SET CHARACTER_SET_CLIENT=@OLD_CHARACTER_SET_CLIENT */;
/*!40101 SET CHARACTER_SET_RESULTS=@OLD_CHARACTER_SET_RESULTS */;
/*!40101 SET COLLATION_CONNECTION=@OLD_COLLATION_CONNECTION */;
/*!40111 SET SQL_NOTES=@OLD_SQL_NOTES */;

-- Dump completed on 2020-07-02  0:57:59
